Years,ControlSenate,ControlHouse
1913,Democrat,Democrat
1915,Democrat,Democrat
1917,Democrat,Republican
1919,Republican,Republican
1921,Republican,Republican
1923,Republican,Republican
1925,Republican,Republican
1927,Republican,Republican
1929,Republican,Republican
1931,Republican,Republican
1933,Democrat,Democrat
1935,Democrat,Democrat
1937,Democrat,Democrat
1939,Democrat,Democrat
1941,Democrat,Democrat
1943,Democrat,Democrat
1945,Democrat,Democrat
1947,Republican,Republican
1949,Democrat,Democrat
1951,Democrat,Democrat
1953,Republican,Republican
1955,Democrat,Democrat
1957,Democrat,Democrat
1959,Democrat,Democrat
1961,Democrat,Democrat
1963,Democrat,Democrat
1965,Democrat,Democrat
1967,Democrat,Democrat
1969,Democrat,Democrat
1971,Democrat,Democrat
1973,Democrat,Democrat
1975,Democrat,Democrat
1977,Democrat,Democrat
1979,Democrat,Democrat
1981,Republican,Democrat
1983,Republican,Democrat
1985,Republican,Democrat
1987,Democrat,Democrat
1989,Democrat,Democrat
1991,Democrat,Democrat
1993,Democrat,Democrat
1995,Republican,Democrat
1997,Republican,Republican
1999,Republican,Republican
2001,Republican,Republican
2003,Republican,Republican
2005,Republican,Republican
2007,Republican,Democrat
2009,Democrat,Democrat
2011,Democrat,Republican
2013,Democrat,Republican
2015,Republican,Republican