State,dem_votes,repub_votes
Alabama,718084,1306925
Alaska,93003,130413
Arizona,936250,1021154
Arkansas,378729,677904
California,7230699,3841134
Colorado,1212209,1137455
Connecticut,884432,668266
Delaware,235581,185103
Florida,4485745,4605515
Georgia,1837300,2068623
Hawaii,266827,128815
Idaho,189677,407199
Illinois,2977498,2118179
Indiana,1031953,1556220
Iowa,650790,798923
Kansas,414788,656009
Kentucky,628834,1202942
Louisiana,779535,1178004
Maine,354873,334838
Maryland,1497951,873646
Massachusetts,1964768,1083069
Michigan,2268193,2279805
Minnesota,1366676,1322891
Mississippi,462001,678457
Missouri,1054889,1585753
Montana,174521,274120
Nebraska,273858,485819
Nevada,537753,511319
New Hampshire,348521,345789
New Jersey,2021756,1535513
New Mexico,380724,315875
New York,4143874,2640570
North Carolina,2162074,2339603
North Dakota,93526,216133
Ohio,2317001,2771984
Oklahoma,419788,947934
Oregon,934631,742506
Pennsylvania,2844705,2912941
Rhode Island,249902,179421
South Carolina,849469,1143611
South Dakota,117442,227701
Tennessee,867110,1517402
Texas,3867816,4681590
Utah,274188,452086
Vermont,178179,95053
Virginia,1916845,1731156
Washington,1610524,1129120
West Virginia,187457,486198
Wisconsin,1382210,1409467
Wyoming,55949,174248