Name,Party
Woodrow Wilson,Democrat
Warren Gamaliel Harding,Republican
Calvin Coolidge,Republican
Herbert Clark Hoover,Republican
Franklin Delano Roosevelt,Democrat
Harry S. Truman,Democrat
Dwight David Eisenhower,Republican
John Fitzgerald Kennedy,Democrat
Lyndon Baines Johnson,Democrat
Richard Milhous Nixon,Republican
Gerald Rudolph Ford,Republican
Jimmy Carter,Democrat
Ronald Wilson Reagan,Republican
George Herbert Walker Bush,Republican
Bill Clinton,Democrat
George Walker Bush,Republican
Barack Hussein Obama,Democrat