"name";"YearBegin";"YearEnd"
"Barack Hussein Obama";2009;2017
"Bill Clinton";1993;2001
"Calvin Coolidge";1923;1929
"Dwight David Eisenhower";1953;1961
"Franklin Delano Roosevelt";1933;1945
"George Herbert Walker Bush";1989;1993
"George Walker Bush";2001;2009
"Gerald Rudolph Ford";1974;1977
"Harry S. Truman";1945;1953
"Herbert Clark Hoover";1929;1933
"Jimmy Carter";1977;1981
"John Fitzgerald Kennedy";1961;1963
"Lyndon Baines Johnson";1963;1969
"Richard Milhous Nixon";1969;1974
"Ronald Wilson Reagan";1981;1989
"Warren Gamaliel Harding";1921;1923
"Woodrow Wilson";1913;1921
