state,candidate,party,votes
Alabama,"""Ben Carson""",Republican,87517
Alabama,"""Bernie Sanders""",Democrat,76399
Alabama,Donald Trump,Republican,371735
Alabama,Hillary Clinton,Democrat,309928
Alabama,John Kasich,Republican,37970
Alabama,Marco Rubio,Republican,159802
Alabama,Ted Cruz,Republican,180608
Alaska,Ben Carson,Republican,2401
Alaska,Bernie Sanders,Democrat,440
Alaska,Donald Trump,Republican,7346
Alaska,Hillary Clinton,Democrat,99
Alaska,John Kasich,Republican,892
Alaska,Marco Rubio,Republican,3318
Alaska,Ted Cruz,Republican,7973
Arizona,Bernie Sanders,Democrat,163400
Arizona,Donald Trump,Republican,249916
Arizona,Hillary Clinton,Democrat,235697
Arizona,John Kasich,Republican,53040
Arizona,Ted Cruz,Republican,132147
Arkansas,Ben Carson,Republican,23173
Arkansas,Bernie Sanders,Democrat,64868
Arkansas,Donald Trump,Republican,133144
Arkansas,Hillary Clinton,Democrat,144580
Arkansas,John Kasich,Republican,15098
Arkansas,Marco Rubio,Republican,101235
Arkansas,Ted Cruz,Republican,123873
California,Bernie Sanders,Democrat,1502043
California,Donald Trump,Republican,1174829
California,Hillary Clinton,Democrat,1940580
California,John Kasich,Republican,176620
California,Ted Cruz,Republican,144125
Colorado,Bernie Sanders,Democrat,71928
Colorado,Hillary Clinton,Democrat,49256
Connecticut,Bernie Sanders,Democrat,152410
Connecticut,Donald Trump,Republican,123367
Connecticut,Hillary Clinton,Democrat,170075
Connecticut,John Kasich,Republican,60481
Connecticut,Ted Cruz,Republican,24969
Delaware,Bernie Sanders,Democrat,36659
Delaware,Donald Trump,Republican,42472
Delaware,Hillary Clinton,Democrat,55950
Delaware,John Kasich,Republican,14225
Delaware,Ted Cruz,Republican,11110
Florida,Bernie Sanders,Democrat,566603
Florida,Donald Trump,Republican,1077221
Florida,Hillary Clinton,Democrat,1097400
Florida,John Kasich,Republican,159412
Florida,Marco Rubio,Republican,636653
Florida,Ted Cruz,Republican,403640
Georgia,Ben Carson,Republican,80503
Georgia,Bernie Sanders,Democrat,214332
Georgia,Donald Trump,Republican,501707
Georgia,Hillary Clinton,Democrat,543008
Georgia,John Kasich,Republican,72303
Georgia,Marco Rubio,Republican,315979
Georgia,Ted Cruz,Republican,305109
Hawaii,Bernie Sanders,Democrat,23531
Hawaii,Donald Trump,Republican,5677
Hawaii,Hillary Clinton,Democrat,10127
Hawaii,John Kasich,Republican,1413
Hawaii,Marco Rubio,Republican,1759
Hawaii,Ted Cruz,Republican,4379
Idaho,Bernie Sanders,Democrat,18640
Idaho,Donald Trump,Republican,62478
Idaho,Hillary Clinton,Democrat,5065
Idaho,John Kasich,Republican,16517
Idaho,Marco Rubio,Republican,35347
Idaho,Ted Cruz,Republican,100942
Illinois,Bernie Sanders,Democrat,975659
Illinois,Donald Trump,Republican,551464
Illinois,Hillary Clinton,Democrat,1012175
Illinois,John Kasich,Republican,279778
Illinois,Marco Rubio,Republican,123066
Illinois,Ted Cruz,Republican,430395
Indiana,Bernie Sanders,Democrat,335256
Indiana,Donald Trump,Republican,590460
Indiana,Hillary Clinton,Democrat,303382
Indiana,John Kasich,Republican,83913
Indiana,Ted Cruz,Republican,406280
Iowa,Uncommitted,Democrat,43
Iowa,Ben Carson,Republican,17393
Iowa,Bernie Sanders,Democrat,69452
Iowa,Carly Fiorina,Republican,3485
Iowa,Chris Christie,Republican,3284
Iowa,Donald Trump,Republican,45419
Iowa,Hillary Clinton,Democrat,69733
Iowa,Jeb Bush,Republican,5238
Iowa,John Kasich,Republican,3472
Iowa,Marco Rubio,Republican,43164
Iowa,Martin O'Malley,Democrat,752
Iowa,Mike Huckabee,Republican,3345
Iowa,Rand Paul,Republican,8479
Iowa,Rick Santorum,Republican,1782
Iowa,Ted Cruz,Republican,51663
Kansas,Bernie Sanders,Democrat,26450
Kansas,Donald Trump,Republican,17062
Kansas,Hillary Clinton,Democrat,12593
Kansas,John Kasich,Republican,7795
Kansas,Marco Rubio,Republican,12189
Kansas,Ted Cruz,Republican,35207
Kentucky,Bernie Sanders,Democrat,210626
Kentucky,Donald Trump,Republican,82493
Kentucky,Hillary Clinton,Democrat,212550
Kentucky,John Kasich,Republican,33134
Kentucky,Marco Rubio,Republican,37579
Kentucky,Ted Cruz,Republican,72503
Louisiana,Bernie Sanders,Democrat,72240
Louisiana,Donald Trump,Republican,124818
Louisiana,Hillary Clinton,Democrat,221615
Louisiana,John Kasich,Republican,19355
Louisiana,Marco Rubio,Republican,33804
Louisiana,Ted Cruz,Republican,113949
Maine,Bernie Sanders,Democrat,2201
Maine,Hillary Clinton,Democrat,1214
Maryland,Bernie Sanders,Democrat,281275
Maryland,Donald Trump,Republican,236623
Maryland,Hillary Clinton,Democrat,533247
Maryland,John Kasich,Republican,100089
Maryland,Ted Cruz,Republican,82038
Massachusetts,No Preference,Democrat,8152
Massachusetts,Ben Carson,Republican,16277
Massachusetts,Bernie Sanders,Democrat,586716
Massachusetts,Donald Trump,Republican,311313
Massachusetts,Hillary Clinton,Democrat,603784
Massachusetts,John Kasich,Republican,113783
Massachusetts,Marco Rubio,Republican,112822
Massachusetts,Ted Cruz,Republican,60473
Michigan,Bernie Sanders,Democrat,595222
Michigan,Donald Trump,Republican,483751
Michigan,Hillary Clinton,Democrat,576795
Michigan,John Kasich,Republican,321655
Michigan,Marco Rubio,Republican,123673
Michigan,Ted Cruz,Republican,330015
Mississippi,Bernie Sanders,Democrat,36348
Mississippi,Donald Trump,Republican,191755
Mississippi,Hillary Clinton,Democrat,182447
Mississippi,John Kasich,Republican,35817
Mississippi,Marco Rubio,Republican,20768
Mississippi,Ted Cruz,Republican,147065
Missouri,Bernie Sanders,Democrat,309071
Missouri,Donald Trump,Republican,382093
Missouri,Hillary Clinton,Democrat,310602
Missouri,John Kasich,Republican,92533
Missouri,Marco Rubio,Republican,57006
Missouri,Ted Cruz,Republican,380367
Montana,Bernie Sanders,Democrat,63168
Montana,Donald Trump,Republican,114056
Montana,Hillary Clinton,Democrat,55194
Montana,John Kasich,Republican,10622
Montana,Ted Cruz,Republican,14476
Nebraska,Bernie Sanders,Democrat,19120
Nebraska,Donald Trump,Republican,121287
Nebraska,Hillary Clinton,Democrat,14340
Nebraska,John Kasich,Republican,22526
Nebraska,Ted Cruz,Republican,36418
Nevada,Ben Carson,Republican,3619
Nevada,Bernie Sanders,Democrat,5641
Nevada,Donald Trump,Republican,34531
Nevada,Hillary Clinton,Democrat,6296
Nevada,John Kasich,Republican,2709
Nevada,Marco Rubio,Republican,17940
Nevada,Ted Cruz,Republican,16079
New Hampshire,Ben Carson,Republican,6509
New Hampshire,Bernie Sanders,Democrat,151584
New Hampshire,Carly Fiorina,Republican,11706
New Hampshire,Chris Christie,Republican,21069
New Hampshire,Donald Trump,Republican,100406
New Hampshire,Hillary Clinton,Democrat,95252
New Hampshire,Jeb Bush,Republican,31310
New Hampshire,John Kasich,Republican,44909
New Hampshire,Marco Rubio,Republican,30032
New Hampshire,Ted Cruz,Republican,33189
New Jersey,Bernie Sanders,Democrat,323259
New Jersey,Donald Trump,Republican,356697
New Jersey,Hillary Clinton,Democrat,554237
New Jersey,John Kasich,Republican,59506
New Jersey,Ted Cruz,Republican,27521
New Mexico,Bernie Sanders,Democrat,103856
New Mexico,Donald Trump,Republican,73530
New Mexico,Hillary Clinton,Democrat,110451
New Mexico,John Kasich,Republican,7870
New Mexico,Ted Cruz,Republican,13825
New York,Bernie Sanders,Democrat,763469
New York,Donald Trump,Republican,524932
New York,Hillary Clinton,Democrat,1054083
New York,John Kasich,Republican,217904
New York,Ted Cruz,Republican,126151
North Carolina,Bernie Sanders,Democrat,460316
North Carolina,Donald Trump,Republican,458151
North Carolina,Hillary Clinton,Democrat,616383
North Carolina,John Kasich,Republican,144299
North Carolina,Marco Rubio,Republican,87858
North Carolina,Ted Cruz,Republican,418740
North Dakota,Bernie Sanders,Democrat,253
North Dakota,Hillary Clinton,Democrat,101
Ohio,Bernie Sanders,Democrat,513549
Ohio,Donald Trump,Republican,727585
Ohio,Hillary Clinton,Democrat,679266
Ohio,John Kasich,Republican,956762
Ohio,Marco Rubio,Republican,59418
Ohio,Ted Cruz,Republican,267592
Oklahoma,Ben Carson,Republican,28572
Oklahoma,Bernie Sanders,Democrat,174054
Oklahoma,Donald Trump,Republican,130141
Oklahoma,Hillary Clinton,Democrat,139338
Oklahoma,John Kasich,Republican,16515
Oklahoma,Marco Rubio,Republican,119562
Oklahoma,Ted Cruz,Republican,157941
Oregon,Bernie Sanders,Democrat,320746
Oregon,Donald Trump,Republican,240804
Oregon,Hillary Clinton,Democrat,251739
Oregon,John Kasich,Republican,59096
Oregon,Ted Cruz,Republican,61590
Pennsylvania,Bernie Sanders,Democrat,719955
Pennsylvania,Donald Trump,Republican,892702
Pennsylvania,Hillary Clinton,Democrat,918689
Pennsylvania,John Kasich,Republican,304793
Pennsylvania,Ted Cruz,Republican,340201
Rhode Island,Bernie Sanders,Democrat,66720
Rhode Island,Donald Trump,Republican,39059
Rhode Island,Hillary Clinton,Democrat,52493
Rhode Island,John Kasich,Republican,14929
Rhode Island,Ted Cruz,Republican,6393
South Carolina,Ben Carson,Republican,53326
South Carolina,Bernie Sanders,Democrat,95977
South Carolina,Donald Trump,Republican,239851
South Carolina,Hillary Clinton,Democrat,271514
South Carolina,Jeb Bush,Republican,57863
South Carolina,John Kasich,Republican,56206
South Carolina,Marco Rubio,Republican,165881
South Carolina,Ted Cruz,Republican,164790
South Dakota,Bernie Sanders,Democrat,25958
South Dakota,Donald Trump,Republican,44866
South Dakota,Hillary Clinton,Democrat,27046
South Dakota,John Kasich,Republican,10659
South Dakota,Ted Cruz,Republican,11352
Tennessee,Ben Carson,Republican,64846
Tennessee,Bernie Sanders,Democrat,120333
Tennessee,Donald Trump,Republican,332702
Tennessee,Hillary Clinton,Democrat,245304
Tennessee,John Kasich,Republican,45243
Tennessee,Marco Rubio,Republican,180989
Tennessee,Ted Cruz,Republican,211159
Texas,Ben Carson,Republican,117780
Texas,Bernie Sanders,Democrat,475561
Texas,Donald Trump,Republican,757618
Texas,Hillary Clinton,Democrat,935080
Texas,John Kasich,Republican,120257
Texas,Marco Rubio,Republican,502223
Texas,Ted Cruz,Republican,1239370
Utah,Bernie Sanders,Democrat,61333
Utah,Donald Trump,Republican,24864
Utah,Hillary Clinton,Democrat,15666
Utah,John Kasich,Republican,29773
Utah,Ted Cruz,Republican,122567
Vermont,Ben Carson,Republican,2544
Vermont,Bernie Sanders,Democrat,115863
Vermont,Donald Trump,Republican,19968
Vermont,Hillary Clinton,Democrat,18335
Vermont,John Kasich,Republican,18543
Vermont,Marco Rubio,Republican,11778
Vermont,Ted Cruz,Republican,5929
Virginia,Ben Carson,Republican,60093
Virginia,Bernie Sanders,Democrat,275507
Virginia,Donald Trump,Republican,355960
Virginia,Hillary Clinton,Democrat,503358
Virginia,John Kasich,Republican,96519
Virginia,Marco Rubio,Republican,327042
Virginia,Ted Cruz,Republican,173193
Washington,Bernie Sanders,Democrat,19159
Washington,Donald Trump,Republican,403003
Washington,Hillary Clinton,Democrat,7140
Washington,John Kasich,Republican,52129
Washington,Ted Cruz,Republican,55719
West Virginia,Bernie Sanders,Democrat,123860
West Virginia,Donald Trump,Republican,156245
West Virginia,Hillary Clinton,Democrat,86354
West Virginia,John Kasich,Republican,13685
West Virginia,Ted Cruz,Republican,18208
Wisconsin,Bernie Sanders,Democrat,567936
Wisconsin,Donald Trump,Republican,386370
Wisconsin,Hillary Clinton,Democrat,432767
Wisconsin,John Kasich,Republican,155200
Wisconsin,Ted Cruz,Republican,531129
Wyoming,Bernie Sanders,Democrat,156
Wyoming,Donald Trump,Republican,70
Wyoming,Hillary Clinton,Democrat,124
Wyoming,John Kasich,Republican,0
Wyoming,Marco Rubio,Republican,189
Wyoming,Ted Cruz,Republican,644