State,Majority
Alabama,Republican
Alaska,Republican
Arizona,Republican
Arkansas,Republican
California,Democratic
Colorado,Democratic
Connecticut,Democratic
Delaware,Democratic
Florida,Democratic
Georgia,Republican
Hawaii,Democratic
Idaho,Republican
Illinois,Democratic
Indiana,Republican
Iowa,Democratic
Kansas,Republican
Kentucky,Republican
Louisiana,Republican
Maine,Democratic
Maryland,Democratic
Massachusetts,Democratic
Michigan,Democratic
Minnesota,Democratic
Mississippi,Republican
Missouri,Republican
Montana,Republican
Nebraska,Republican
Nevada,Democratic
New Hampshire,Democratic
New Jersey,Democratic
New Mexico,Democratic
New York,Democratic
North Carolina,Republican
North Dakota,Republican
Ohio,Democratic
Oklahoma,Republican
Oregon,Democratic
Pennsylvania,Democratic
Rhode Island,Democratic
South Carolina,Republican
South Dakota,Republican
Tennessee,Republican
Texas,Republican
Utah,Republican
Vermont,Democratic
Virginia,Democratic
Washington,Democratic
West Virginia,Republican
Wisconsin,Democratic
Wyoming,Republican